DH_52791	Pine_Mt
DH_57064	Frenchburg
DH_60245	Oscaloosa
DH_60257	Sassafras
DH_65590	Henderson
DH_65668	N_Cabell
DH_69838	Big_A_Mt
DH_77587	E_Scuttlehole_Gap
DH_77595	West_Garrett
DH_78196	Bear_Wallow_Gap
DH_78217	Pine_Mt2
EFW_0011	Yatesville_Lake
EFW_0021	Little_Beaver
EFW_0022	Chief_Logan
SRK_2975	Glutinosus
SRK_3186	Point_Pleasant
DH_60235	Collins_Creek
SRK_3198	Kanawha_Forest
EFW_0026	Cumberland_2
EFW_0016	Beech_Fork
EFW_0009	Laurel_Gorge
EFW_0017	Pinnacle_Rock
EFW_0018	Twin_Falls
SRK_3027	Point_Pleasant
EFW_0010	Laurel_Gorge
EFW_0014	Camp_Creek
EFW_0020	Panther_State
EFW_0024	Cumberland_1
EFW_0012	Paintsville_Lake
SRK_3025	Point_Pleasant
DH_60223	Breaks_IP
DH_60255	Asher
SRK_3204	Mill_Creek
EFW_0007	Kentucky_Ridge
EFW_0025	Cumberland_1